消防勤務,姓名,職務,人道救援,震災搜救
台東分隊,王小明,分隊長,管理組,指揮組
台東分隊,李大華,小隊長,管理組,指揮組
台東分隊,陳志強,隊員,UCC,搜索組
台東分隊,林美玲,隊員,UCC,搜索組
成功分隊,張建國,分隊長,搜救1組,搜索組
成功分隊,黃雅婷,小隊長,搜救2組,搜索組
成功分隊,吳俊傑,隊員,醫療組,醫療組
成功分隊,劉怡君,隊員,場控組,破壞組
成功分隊,蔡文雄,隊員,搜救1組,破壞組
東河分隊,楊淑芬,分隊長,搜救1組,搜索組
東河分隊,許家豪,隊員,搜救1組,破壞組
東河分隊,鄭婉如,隊員,醫療組,醫療組
東河分隊,謝宗翰,隊員,場控組,破壞組
長濱分隊,洪志偉,分隊長,搜救2組,搜索組
長濱分隊,曾詩涵,隊員,搜救2組,醫療組
長濱分隊,蕭冠宇,隊員,搜救2組,破壞組
關山分隊,賴建宏,分隊長,搜救2組,搜索組
關山分隊,周雅雯,隊員,醫療組,醫療組
關山分隊,葉子豪,隊員,場控組,後勤組
池上分隊,羅嘉慧,分隊長,後勤組,後勤組
池上分隊,余柏翰,隊員,後勤組,後勤組
鹿野分隊,沈欣怡,分隊長,搜救1組,搜索組
鹿野分隊,呂宗憲,隊員,場控組,破壞組
大武分隊,邱柏諭,分隊長,搜救2組,搜索組
大武分隊,施雅筑,隊員,醫療組,醫療組
義消成功分隊,潘大偉,分隊長,場控組,後勤組
義消成功分隊,江美珠,隊員,後勤組,後勤組
義消成功分隊,董國榮,隊員,場控組,後勤組
義消東河分隊,汪建良,分隊長,後勤組,後勤組
義消東河分隊,康雅玲,隊員,後勤組,後勤組
空勤總隊,徐機長,機長,搜救1組,搜索組
空勤總隊,方救護員,隊員,醫療組,醫療組
民間搜救隊,戴領隊,領隊,搜救2組,搜索組
民間搜救隊,白隊員,隊員,搜救2組,搜索組
