人員ID,消防勤務,人道救援,姓名,職務,排序,啟用,震災搜救
,台東分隊,管理組,王小明,分隊長,1,是,指揮組
,台東分隊,管理組,李大華,小隊長,2,是,指揮組
,台東分隊,UCC,陳志強,隊員,3,是,搜索組
,台東分隊,UCC,林美玲,隊員,4,是,搜索組
,成功分隊,搜救1組,張建國,分隊長,5,是,搜索組
,成功分隊,搜救2組,黃雅婷,小隊長,6,是,搜索組
,成功分隊,醫療組,吳俊傑,隊員,7,是,醫療組
,成功分隊,場控組,劉怡君,隊員,8,是,破壞組
,成功分隊,搜救1組,蔡文雄,隊員,9,是,破壞組
,東河分隊,搜救1組,楊淑芬,分隊長,10,是,搜索組
,東河分隊,搜救1組,許家豪,隊員,11,是,破壞組
,東河分隊,醫療組,鄭婉如,隊員,12,是,醫療組
,東河分隊,場控組,謝宗翰,隊員,13,是,破壞組
,長濱分隊,搜救2組,洪志偉,分隊長,14,是,搜索組
,長濱分隊,搜救2組,曾詩涵,隊員,15,是,醫療組
,長濱分隊,搜救2組,蕭冠宇,隊員,16,是,破壞組
,關山分隊,搜救2組,賴建宏,分隊長,17,是,搜索組
,關山分隊,醫療組,周雅雯,隊員,18,是,醫療組
,關山分隊,場控組,葉子豪,隊員,19,是,後勤組
,池上分隊,後勤組,羅嘉慧,分隊長,20,是,後勤組
,池上分隊,後勤組,余柏翰,隊員,21,是,後勤組
,鹿野分隊,搜救1組,沈欣怡,分隊長,22,是,搜索組
,鹿野分隊,場控組,呂宗憲,隊員,23,是,破壞組
,大武分隊,搜救2組,邱柏諭,分隊長,24,是,搜索組
,大武分隊,醫療組,施雅筑,隊員,25,是,醫療組
,義消成功分隊,場控組,潘大偉,分隊長,26,是,後勤組
,義消成功分隊,後勤組,江美珠,隊員,27,是,後勤組
,義消成功分隊,場控組,董國榮,隊員,28,是,後勤組
,義消東河分隊,後勤組,汪建良,分隊長,29,是,後勤組
,義消東河分隊,後勤組,康雅玲,隊員,30,是,後勤組
,空勤總隊,搜救1組,徐機長,機長,31,是,搜索組
,空勤總隊,醫療組,方救護員,隊員,32,是,醫療組
,民間搜救隊,搜救2組,戴領隊,領隊,33,是,搜索組
,民間搜救隊,搜救2組,白隊員,隊員,34,是,搜索組
